dir_fq,fq,newFQname,FC,runDate,techrep,bcnum,sample
./minion_10july2023_TR1/SQK-PCB109_barcode01.fastq,SQK-PCB109_barcode01.fastq,minion_10july2023_TR1_SQK-PCB109_barcode01.fastq,minion,10july2023,TR1,BC01,dser_F_rep1
./minion_10july2023_TR1/SQK-PCB109_barcode02.fastq,SQK-PCB109_barcode02.fastq,minion_10july2023_TR1_SQK-PCB109_barcode02.fastq,minion,10july2023,TR1,BC02,dser_M_rep1
./minion_10july2023_TR1/SQK-PCB109_barcode03.fastq,SQK-PCB109_barcode03.fastq,minion_10july2023_TR1_SQK-PCB109_barcode03.fastq,minion,10july2023,TR1,BC03,dser_F_rep2
./minion_10july2023_TR1/SQK-PCB109_barcode04.fastq,SQK-PCB109_barcode04.fastq,minion_10july2023_TR1_SQK-PCB109_barcode04.fastq,minion,10july2023,TR1,BC04,dser_M_rep2
./minion_10july2023_TR1/SQK-PCB109_barcode05.fastq,SQK-PCB109_barcode05.fastq,minion_10july2023_TR1_SQK-PCB109_barcode05.fastq,minion,10july2023,TR1,BC05,dser_F_rep3
./minion_10july2023_TR1/SQK-PCB109_barcode06.fastq,SQK-PCB109_barcode06.fastq,minion_10july2023_TR1_SQK-PCB109_barcode06.fastq,minion,10july2023,TR1,BC06,dser_M_rep3
./promethion_11aug2023_TR2/SQK-PCB109_barcode01.fastq,SQK-PCB109_barcode01.fastq,promethion_11aug2023_TR2_SQK-PCB109_barcode01.fastq,promethion,11aug2023,TR2,BC01,dser_F_rep1
./promethion_11aug2023_TR2/SQK-PCB109_barcode02.fastq,SQK-PCB109_barcode02.fastq,promethion_11aug2023_TR2_SQK-PCB109_barcode02.fastq,promethion,11aug2023,TR2,BC02,dser_M_rep1
./promethion_11aug2023_TR2/SQK-PCB109_barcode03.fastq,SQK-PCB109_barcode03.fastq,promethion_11aug2023_TR2_SQK-PCB109_barcode03.fastq,promethion,11aug2023,TR2,BC03,dser_F_rep2
./promethion_11aug2023_TR2/SQK-PCB109_barcode04.fastq,SQK-PCB109_barcode04.fastq,promethion_11aug2023_TR2_SQK-PCB109_barcode04.fastq,promethion,11aug2023,TR2,BC04,dser_M_rep2
./promethion_11aug2023_TR2/SQK-PCB109_barcode05.fastq,SQK-PCB109_barcode05.fastq,promethion_11aug2023_TR2_SQK-PCB109_barcode05.fastq,promethion,11aug2023,TR2,BC05,dser_F_rep3
./promethion_11aug2023_TR2/SQK-PCB109_barcode06.fastq,SQK-PCB109_barcode06.fastq,promethion_11aug2023_TR2_SQK-PCB109_barcode06.fastq,promethion,11aug2023,TR2,BC06,dser_M_rep3
./promethion_11nov2023_TR3/SQK-PCB109_barcode01.fastq,SQK-PCB109_barcode01.fastq,promethion_11nov2023_TR3_SQK-PCB109_barcode01.fastq,promethion,11nov2023,TR3,BC01,dser_F_rep1
./promethion_11nov2023_TR3/SQK-PCB109_barcode02.fastq,SQK-PCB109_barcode02.fastq,promethion_11nov2023_TR3_SQK-PCB109_barcode02.fastq,promethion,11nov2023,TR3,BC02,dser_M_rep1
./promethion_11nov2023_TR3/SQK-PCB109_barcode03.fastq,SQK-PCB109_barcode03.fastq,promethion_11nov2023_TR3_SQK-PCB109_barcode03.fastq,promethion,11nov2023,TR3,BC03,dser_F_rep2
./promethion_11nov2023_TR3/SQK-PCB109_barcode04.fastq,SQK-PCB109_barcode04.fastq,promethion_11nov2023_TR3_SQK-PCB109_barcode04.fastq,promethion,11nov2023,TR3,BC04,dser_M_rep2
./promethion_11nov2023_TR3/SQK-PCB109_barcode05.fastq,SQK-PCB109_barcode05.fastq,promethion_11nov2023_TR3_SQK-PCB109_barcode05.fastq,promethion,11nov2023,TR3,BC05,dser_F_rep3
./promethion_11nov2023_TR3/SQK-PCB109_barcode06.fastq,SQK-PCB109_barcode06.fastq,promethion_11nov2023_TR3_SQK-PCB109_barcode06.fastq,promethion,11nov2023,TR3,BC06,dser_M_rep3
./promethion_11nov2023_TR4/SQK-PCB109_barcode01.fastq,SQK-PCB109_barcode01.fastq,promethion_11nov2023_TR4_SQK-PCB109_barcode01.fastq,promethion,11nov2023,TR4,BC01,dser_F_rep4
./promethion_11nov2023_TR4/SQK-PCB109_barcode02.fastq,SQK-PCB109_barcode02.fastq,promethion_11nov2023_TR4_SQK-PCB109_barcode02.fastq,promethion,11nov2023,TR4,BC02,dser_M_rep4
./promethion_11nov2023_TR4/SQK-PCB109_barcode03.fastq,SQK-PCB109_barcode03.fastq,promethion_11nov2023_TR4_SQK-PCB109_barcode03.fastq,promethion,11nov2023,TR4,BC03,dser_F_rep5
./promethion_11nov2023_TR4/SQK-PCB109_barcode04.fastq,SQK-PCB109_barcode04.fastq,promethion_11nov2023_TR4_SQK-PCB109_barcode04.fastq,promethion,11nov2023,TR4,BC04,dser_M_rep5
./promethion_11nov2023_TR4/SQK-PCB109_barcode05.fastq,SQK-PCB109_barcode05.fastq,promethion_11nov2023_TR4_SQK-PCB109_barcode05.fastq,promethion,11nov2023,TR4,BC05,dser_F_rep6
./promethion_11nov2023_TR4/SQK-PCB109_barcode06.fastq,SQK-PCB109_barcode06.fastq,promethion_11nov2023_TR4_SQK-PCB109_barcode06.fastq,promethion,11nov2023,TR4,BC06,dser_M_rep6
./promethion_11nov2023_TR5/SQK-PCB109_barcode01.fastq,SQK-PCB109_barcode01.fastq,promethion_11nov2023_TR5_SQK-PCB109_barcode01.fastq,promethion,11nov2023,TR5,BC01,dser_F_rep4
./promethion_11nov2023_TR5/SQK-PCB109_barcode02.fastq,SQK-PCB109_barcode02.fastq,promethion_11nov2023_TR5_SQK-PCB109_barcode02.fastq,promethion,11nov2023,TR5,BC02,dser_M_rep4
./promethion_11nov2023_TR5/SQK-PCB109_barcode03.fastq,SQK-PCB109_barcode03.fastq,promethion_11nov2023_TR5_SQK-PCB109_barcode03.fastq,promethion,11nov2023,TR5,BC03,dser_F_rep5
./promethion_11nov2023_TR5/SQK-PCB109_barcode04.fastq,SQK-PCB109_barcode04.fastq,promethion_11nov2023_TR5_SQK-PCB109_barcode04.fastq,promethion,11nov2023,TR5,BC04,dser_M_rep5
./promethion_11nov2023_TR5/SQK-PCB109_barcode05.fastq,SQK-PCB109_barcode05.fastq,promethion_11nov2023_TR5_SQK-PCB109_barcode05.fastq,promethion,11nov2023,TR5,BC05,dser_F_rep6
./promethion_11nov2023_TR5/SQK-PCB109_barcode06.fastq,SQK-PCB109_barcode06.fastq,promethion_11nov2023_TR5_SQK-PCB109_barcode06.fastq,promethion,11nov2023,TR5,BC06,dser_M_rep6
./promethion_18oct2023_TR2/SQK-PCB109_barcode01.fastq,SQK-PCB109_barcode01.fastq,promethion_18oct2023_TR2_SQK-PCB109_barcode01.fastq,promethion,18oct2023,TR2,BC01,dser_F_rep4
./promethion_18oct2023_TR2/SQK-PCB109_barcode02.fastq,SQK-PCB109_barcode02.fastq,promethion_18oct2023_TR2_SQK-PCB109_barcode02.fastq,promethion,18oct2023,TR2,BC02,dser_M_rep4
./promethion_18oct2023_TR2/SQK-PCB109_barcode03.fastq,SQK-PCB109_barcode03.fastq,promethion_18oct2023_TR2_SQK-PCB109_barcode03.fastq,promethion,18oct2023,TR2,BC03,dser_F_rep5
./promethion_18oct2023_TR2/SQK-PCB109_barcode04.fastq,SQK-PCB109_barcode04.fastq,promethion_18oct2023_TR2_SQK-PCB109_barcode04.fastq,promethion,18oct2023,TR2,BC04,dser_M_rep5
./promethion_18oct2023_TR2/SQK-PCB109_barcode05.fastq,SQK-PCB109_barcode05.fastq,promethion_18oct2023_TR2_SQK-PCB109_barcode05.fastq,promethion,18oct2023,TR2,BC05,dser_F_rep6
./promethion_18oct2023_TR2/SQK-PCB109_barcode06.fastq,SQK-PCB109_barcode06.fastq,promethion_18oct2023_TR2_SQK-PCB109_barcode06.fastq,promethion,18oct2023,TR2,BC06,dser_M_rep6
./promethion_20nov2023_TR6/SQK-PCB109_barcode01.fastq,SQK-PCB109_barcode01.fastq,promethion_20nov2023_TR6_SQK-PCB109_barcode01.fastq,promethion,20nov2023,TR6,BC01,dser_F_rep4
./promethion_20nov2023_TR6/SQK-PCB109_barcode02.fastq,SQK-PCB109_barcode02.fastq,promethion_20nov2023_TR6_SQK-PCB109_barcode02.fastq,promethion,20nov2023,TR6,BC02,dser_M_rep4
./promethion_20nov2023_TR6/SQK-PCB109_barcode03.fastq,SQK-PCB109_barcode03.fastq,promethion_20nov2023_TR6_SQK-PCB109_barcode03.fastq,promethion,20nov2023,TR6,BC03,dser_F_rep5
./promethion_20nov2023_TR6/SQK-PCB109_barcode04.fastq,SQK-PCB109_barcode04.fastq,promethion_20nov2023_TR6_SQK-PCB109_barcode04.fastq,promethion,20nov2023,TR6,BC04,dser_M_rep5
./promethion_20nov2023_TR6/SQK-PCB109_barcode05.fastq,SQK-PCB109_barcode05.fastq,promethion_20nov2023_TR6_SQK-PCB109_barcode05.fastq,promethion,20nov2023,TR6,BC05,dser_F_rep6
./promethion_20nov2023_TR6/SQK-PCB109_barcode06.fastq,SQK-PCB109_barcode06.fastq,promethion_20nov2023_TR6_SQK-PCB109_barcode06.fastq,promethion,20nov2023,TR6,BC06,dser_M_rep6
./minion_3oct2023_TR1/SQK-PCB109_barcode01.fastq,SQK-PCB109_barcode01.fastq,minion_3oct2023_TR1_SQK-PCB109_barcode01.fastq,minion,3oct2023,TR1,BC01,dser_F_rep4
./minion_3oct2023_TR1/SQK-PCB109_barcode02.fastq,SQK-PCB109_barcode02.fastq,minion_3oct2023_TR1_SQK-PCB109_barcode02.fastq,minion,3oct2023,TR1,BC02,dser_M_rep4
./minion_3oct2023_TR1/SQK-PCB109_barcode03.fastq,SQK-PCB109_barcode03.fastq,minion_3oct2023_TR1_SQK-PCB109_barcode03.fastq,minion,3oct2023,TR1,BC03,dser_F_rep5
./minion_3oct2023_TR1/SQK-PCB109_barcode04.fastq,SQK-PCB109_barcode04.fastq,minion_3oct2023_TR1_SQK-PCB109_barcode04.fastq,minion,3oct2023,TR1,BC04,dser_M_rep5
./minion_3oct2023_TR1/SQK-PCB109_barcode05.fastq,SQK-PCB109_barcode05.fastq,minion_3oct2023_TR1_SQK-PCB109_barcode05.fastq,minion,3oct2023,TR1,BC05,dser_F_rep6
./minion_3oct2023_TR1/SQK-PCB109_barcode06.fastq,SQK-PCB109_barcode06.fastq,minion_3oct2023_TR1_SQK-PCB109_barcode06.fastq,minion,3oct2023,TR1,BC06,dser_M_rep6
