origin,comp_anno_in,expressed_in,COUNT,PERCENT
1_all_5_species,1_all_5_species,1_all_5,6349,11.263083200283837
1_all_5_species,1_all_5_species,2_the4,103,0.1827213056590385
1_all_5_species,1_all_5_species,3_mel_sim,40,0.07095973035302466
1_all_5_species,1_all_5_species,3_yak_san,12,0.021287919105907396
1_all_5_species,1_all_5_species,4_mel_only,47,0.08337768316480397
1_all_5_species,1_all_5_species,4_san_only,98,0.1738513393649104
1_all_5_species,1_all_5_species,4_sim_only,80,0.14191946070604933
1_all_5_species,1_all_5_species,4_yak_only,12,0.021287919105907396
1_all_5_species,1_all_5_species,4_zser_only,99,0.17562533262373603
1_all_5_species,1_all_5_species,6_other,1253,2.2228135533084976
1_all_5_species,1_all_5_species,7_not_expressed,703,1.2471172609544086
2_the4,1_all_5_species,1_all_5,523,0.9277984743657973
2_the4,1_all_5_species,2_the4,902,1.6001419194607058
2_the4,1_all_5_species,3_mel_sim,84,0.1490154337413518
2_the4,1_all_5_species,3_yak_san,25,0.044349831470640415
2_the4,1_all_5_species,4_mel_only,52,0.09224764945893206
2_the4,1_all_5_species,4_san_only,150,0.2660989888238425
2_the4,1_all_5_species,4_sim_only,77,0.13659748092957247
2_the4,1_all_5_species,4_yak_only,19,0.03370587191768672
2_the4,1_all_5_species,4_zser_only,36,0.06386375731772219
2_the4,1_all_5_species,6_other,481,0.8532907574951214
2_the4,1_all_5_species,7_not_expressed,593,1.0519780024835905
2_the4,2_the4,2_the4,486,0.8621607237892496
2_the4,2_the4,3_mel_sim,28,0.04967181124711726
2_the4,2_the4,3_yak_san,37,0.0656377505765478
2_the4,2_the4,4_mel_only,22,0.03902785169416356
2_the4,2_the4,4_san_only,329,0.5836437821536278
2_the4,2_the4,4_sim_only,47,0.08337768316480397
2_the4,2_the4,4_yak_only,7,0.012417952811779315
2_the4,2_the4,6_other,268,0.47543019336526526
2_the4,2_the4,7_not_expressed,263,0.46656022707113715
3_mel_sim,1_all_5_species,1_all_5,381,0.6758914316125598
3_mel_sim,1_all_5_species,2_the4,245,0.43462834841227604
3_mel_sim,1_all_5_species,3_mel_sim,356,0.6315416001419194
3_mel_sim,1_all_5_species,3_yak_san,9,0.015965939329430547
3_mel_sim,1_all_5_species,4_mel_only,220,0.3902785169416356
3_mel_sim,1_all_5_species,4_san_only,45,0.07982969664715274
3_mel_sim,1_all_5_species,4_sim_only,124,0.21997516409437645
3_mel_sim,1_all_5_species,4_yak_only,14,0.02483590562355863
3_mel_sim,1_all_5_species,4_zser_only,52,0.09224764945893206
3_mel_sim,1_all_5_species,6_other,453,0.8036189462480043
3_mel_sim,1_all_5_species,7_not_expressed,1504,2.668085861273727
3_mel_sim,2_the4,2_the4,28,0.04967181124711726
3_mel_sim,2_the4,3_mel_sim,68,0.12063154160014192
3_mel_sim,2_the4,3_yak_san,4,0.007095973035302466
3_mel_sim,2_the4,4_mel_only,29,0.05144580450594288
3_mel_sim,2_the4,4_san_only,21,0.03725385843533795
3_mel_sim,2_the4,4_sim_only,15,0.026609898882384245
3_mel_sim,2_the4,4_yak_only,2,0.003547986517651233
3_mel_sim,2_the4,6_other,25,0.044349831470640415
3_mel_sim,2_the4,7_not_expressed,457,0.8107149192833066
3_mel_sim,3_mel_sim,3_mel_sim,27,0.047897817988291645
3_mel_sim,3_mel_sim,4_mel_only,17,0.03015788540003548
3_mel_sim,3_mel_sim,4_sim_only,1,0.0017739932588256165
3_mel_sim,3_mel_sim,7_not_expressed,45,0.07982969664715274
3_mel_sim,6_other,3_mel_sim,7,0.012417952811779315
3_mel_sim,6_other,4_mel_only,1,0.0017739932588256165
3_mel_sim,6_other,4_san_only,1,0.0017739932588256165
3_mel_sim,6_other,4_sim_only,3,0.005321979776476849
3_mel_sim,6_other,6_other,3,0.005321979776476849
3_mel_sim,6_other,7_not_expressed,15,0.026609898882384245
3_yak_san,1_all_5_species,1_all_5,40,0.07095973035302466
3_yak_san,1_all_5_species,2_the4,58,0.10289160901188577
3_yak_san,1_all_5_species,3_mel_sim,32,0.05676778428241973
3_yak_san,1_all_5_species,3_yak_san,96,0.17030335284725917
3_yak_san,1_all_5_species,4_mel_only,16,0.028383892141209864
3_yak_san,1_all_5_species,4_san_only,100,0.17739932588256166
3_yak_san,1_all_5_species,4_sim_only,38,0.06741174383537343
3_yak_san,1_all_5_species,4_yak_only,48,0.08515167642362959
3_yak_san,1_all_5_species,4_zser_only,21,0.03725385843533795
3_yak_san,1_all_5_species,6_other,159,0.282064928153273
3_yak_san,1_all_5_species,7_not_expressed,696,1.234699308142629
3_yak_san,2_the4,2_the4,22,0.03902785169416356
3_yak_san,2_the4,3_mel_sim,5,0.008869966294128083
3_yak_san,2_the4,3_yak_san,52,0.09224764945893206
3_yak_san,2_the4,4_mel_only,3,0.005321979776476849
3_yak_san,2_the4,4_san_only,118,0.20933120454142273
3_yak_san,2_the4,4_sim_only,10,0.017739932588256166
3_yak_san,2_the4,4_yak_only,12,0.021287919105907396
3_yak_san,2_the4,6_other,28,0.04967181124711726
3_yak_san,2_the4,7_not_expressed,180,0.31931878658861096
3_yak_san,3_yak_san,3_yak_san,24,0.04257583821181479
3_yak_san,3_yak_san,4_san_only,47,0.08337768316480397
3_yak_san,3_yak_san,4_yak_only,4,0.007095973035302466
3_yak_san,3_yak_san,6_other,3,0.005321979776476849
3_yak_san,3_yak_san,7_not_expressed,26,0.04612382472946603
3_yak_san,6_other,3_yak_san,10,0.017739932588256166
3_yak_san,6_other,4_san_only,19,0.03370587191768672
3_yak_san,6_other,4_yak_only,4,0.007095973035302466
3_yak_san,6_other,6_other,3,0.005321979776476849
3_yak_san,6_other,7_not_expressed,28,0.04967181124711726
4_melonly,1_all_5_species,1_all_5,81,0.14369345396487493
4_melonly,1_all_5_species,2_the4,78,0.13837147418839807
4_melonly,1_all_5_species,3_mel_sim,173,0.30690083377683164
4_melonly,1_all_5_species,3_yak_san,3,0.005321979776476849
4_melonly,1_all_5_species,4_mel_only,283,0.5020400922476494
4_melonly,1_all_5_species,4_san_only,29,0.05144580450594288
4_melonly,1_all_5_species,4_sim_only,72,0.12772751463544438
4_melonly,1_all_5_species,4_yak_only,11,0.01951392584708178
4_melonly,1_all_5_species,4_zser_only,42,0.0745077168706759
4_melonly,1_all_5_species,6_other,241,0.4275323753769736
4_melonly,1_all_5_species,7_not_expressed,2793,4.9547631718999465
4_melonly,2_the4,2_the4,16,0.028383892141209864
4_melonly,2_the4,3_mel_sim,41,0.07273372361185028
4_melonly,2_the4,3_yak_san,2,0.003547986517651233
4_melonly,2_the4,4_mel_only,136,0.24126308320028383
4_melonly,2_the4,4_san_only,13,0.023061912364733015
4_melonly,2_the4,4_sim_only,19,0.03370587191768672
4_melonly,2_the4,6_other,29,0.05144580450594288
4_melonly,2_the4,7_not_expressed,1142,2.0259003015788544
4_melonly,3_mel_sim,3_mel_sim,14,0.02483590562355863
4_melonly,3_mel_sim,4_mel_only,53,0.09402164271775768
4_melonly,3_mel_sim,4_sim_only,5,0.008869966294128083
4_melonly,3_mel_sim,6_other,1,0.0017739932588256165
4_melonly,3_mel_sim,7_not_expressed,301,0.5339719709065106
4_melonly,4_melonly,4_mel_only,11,0.01951392584708178
4_melonly,4_melonly,7_not_expressed,149,0.2643249955650169
4_melonly,6_other,3_mel_sim,1,0.0017739932588256165
4_melonly,6_other,4_mel_only,10,0.017739932588256166
4_melonly,6_other,4_sim_only,1,0.0017739932588256165
4_melonly,6_other,4_zser_only,1,0.0017739932588256165
4_melonly,6_other,6_other,2,0.003547986517651233
4_melonly,6_other,7_not_expressed,74,0.1312755011530956
4_sanonly,1_all_5_species,1_all_5,48,0.08515167642362959
4_sanonly,1_all_5_species,2_the4,32,0.05676778428241973
4_sanonly,1_all_5_species,3_mel_sim,30,0.05321979776476849
4_sanonly,1_all_5_species,3_yak_san,26,0.04612382472946603
4_sanonly,1_all_5_species,4_mel_only,35,0.06208976405889658
4_sanonly,1_all_5_species,4_san_only,263,0.46656022707113715
4_sanonly,1_all_5_species,4_sim_only,43,0.07628171012950151
4_sanonly,1_all_5_species,4_yak_only,15,0.026609898882384245
4_sanonly,1_all_5_species,4_zser_only,61,0.10821358878836261
4_sanonly,1_all_5_species,6_other,167,0.296256874223878
4_sanonly,1_all_5_species,7_not_expressed,1618,2.8703210927798475
4_sanonly,2_the4,2_the4,9,0.015965939329430547
4_sanonly,2_the4,3_mel_sim,6,0.010643959552953698
4_sanonly,2_the4,3_yak_san,23,0.04080184495298918
4_sanonly,2_the4,4_mel_only,5,0.008869966294128083
4_sanonly,2_the4,4_san_only,208,0.36899059783572824
4_sanonly,2_the4,4_sim_only,5,0.008869966294128083
4_sanonly,2_the4,4_yak_only,5,0.008869966294128083
4_sanonly,2_the4,6_other,11,0.01951392584708178
4_sanonly,2_the4,7_not_expressed,799,1.4174206138016676
4_sanonly,3_yak_san,3_yak_san,9,0.015965939329430547
4_sanonly,3_yak_san,4_san_only,70,0.12417952811779316
4_sanonly,3_yak_san,4_yak_only,1,0.0017739932588256165
4_sanonly,3_yak_san,6_other,2,0.003547986517651233
4_sanonly,3_yak_san,7_not_expressed,131,0.23239311690615577
4_sanonly,4_sanonly,4_san_only,2,0.003547986517651233
4_sanonly,4_sanonly,7_not_expressed,18,0.031931878658861094
4_sanonly,6_other,3_yak_san,3,0.005321979776476849
4_sanonly,6_other,4_mel_only,1,0.0017739932588256165
4_sanonly,6_other,4_san_only,28,0.04967181124711726
4_sanonly,6_other,4_sim_only,2,0.003547986517651233
4_sanonly,6_other,4_yak_only,1,0.0017739932588256165
4_sanonly,6_other,6_other,7,0.012417952811779315
4_sanonly,6_other,7_not_expressed,114,0.20223523150612027
4_simonly,1_all_5_species,1_all_5,93,0.1649813730707823
4_simonly,1_all_5_species,2_the4,80,0.14191946070604933
4_simonly,1_all_5_species,3_mel_sim,194,0.3441546922121696
4_simonly,1_all_5_species,3_yak_san,4,0.007095973035302466
4_simonly,1_all_5_species,4_mel_only,81,0.14369345396487493
4_simonly,1_all_5_species,4_san_only,36,0.06386375731772219
4_simonly,1_all_5_species,4_sim_only,333,0.5907397551889303
4_simonly,1_all_5_species,4_yak_only,4,0.007095973035302466
4_simonly,1_all_5_species,4_zser_only,79,0.1401454674472237
4_simonly,1_all_5_species,6_other,301,0.5339719709065106
4_simonly,1_all_5_species,7_not_expressed,2980,5.2864999113003375
4_simonly,2_the4,2_the4,35,0.06208976405889658
4_simonly,2_the4,3_mel_sim,43,0.07628171012950151
4_simonly,2_the4,3_yak_san,3,0.005321979776476849
4_simonly,2_the4,4_mel_only,20,0.03547986517651233
4_simonly,2_the4,4_san_only,20,0.03547986517651233
4_simonly,2_the4,4_sim_only,133,0.235941103423807
4_simonly,2_the4,4_yak_only,1,0.0017739932588256165
4_simonly,2_the4,6_other,31,0.05499379102359411
4_simonly,2_the4,7_not_expressed,1360,2.4126308320028387
4_simonly,3_mel_sim,3_mel_sim,11,0.01951392584708178
4_simonly,3_mel_sim,4_sim_only,49,0.0869256696824552
4_simonly,3_mel_sim,7_not_expressed,262,0.46478623381231154
4_simonly,4_simonly,4_sim_only,20,0.03547986517651233
4_simonly,4_simonly,7_not_expressed,92,0.1632073798119567
4_simonly,6_other,3_mel_sim,3,0.005321979776476849
4_simonly,6_other,4_mel_only,1,0.0017739932588256165
4_simonly,6_other,4_san_only,1,0.0017739932588256165
4_simonly,6_other,4_sim_only,20,0.03547986517651233
4_simonly,6_other,4_yak_only,1,0.0017739932588256165
4_simonly,6_other,4_zser_only,5,0.008869966294128083
4_simonly,6_other,6_other,9,0.015965939329430547
4_simonly,6_other,7_not_expressed,100,0.17739932588256166
4_yakonly,1_all_5_species,1_all_5,53,0.09402164271775768
4_yakonly,1_all_5_species,2_the4,54,0.09579563597658329
4_yakonly,1_all_5_species,3_mel_sim,45,0.07982969664715274
4_yakonly,1_all_5_species,3_yak_san,72,0.12772751463544438
4_yakonly,1_all_5_species,4_mel_only,52,0.09224764945893206
4_yakonly,1_all_5_species,4_san_only,103,0.1827213056590385
4_yakonly,1_all_5_species,4_sim_only,58,0.10289160901188577
4_yakonly,1_all_5_species,4_yak_only,184,0.3264147596239134
4_yakonly,1_all_5_species,4_zser_only,63,0.11176157530601383
4_yakonly,1_all_5_species,6_other,226,0.40092247649458934
4_yakonly,1_all_5_species,7_not_expressed,2498,4.43143516054639
4_yakonly,2_the4,2_the4,11,0.01951392584708178
4_yakonly,2_the4,3_mel_sim,2,0.003547986517651233
4_yakonly,2_the4,3_yak_san,36,0.06386375731772219
4_yakonly,2_the4,4_mel_only,7,0.012417952811779315
4_yakonly,2_the4,4_san_only,55,0.0975696292354089
4_yakonly,2_the4,4_sim_only,7,0.012417952811779315
4_yakonly,2_the4,4_yak_only,68,0.12063154160014192
4_yakonly,2_the4,6_other,32,0.05676778428241973
4_yakonly,2_the4,7_not_expressed,908,1.6107858790136598
4_yakonly,3_yak_san,3_yak_san,11,0.01951392584708178
4_yakonly,3_yak_san,4_san_only,21,0.03725385843533795
4_yakonly,3_yak_san,4_yak_only,38,0.06741174383537343
4_yakonly,3_yak_san,6_other,1,0.0017739932588256165
4_yakonly,3_yak_san,7_not_expressed,216,0.38318254390633316
4_yakonly,4_yakonly,4_yak_only,2,0.003547986517651233
4_yakonly,4_yakonly,7_not_expressed,21,0.03725385843533795
4_yakonly,6_other,3_mel_sim,1,0.0017739932588256165
4_yakonly,6_other,3_yak_san,8,0.014191946070604932
4_yakonly,6_other,4_mel_only,2,0.003547986517651233
4_yakonly,6_other,4_san_only,3,0.005321979776476849
4_yakonly,6_other,4_sim_only,1,0.0017739932588256165
4_yakonly,6_other,4_yak_only,16,0.028383892141209864
4_yakonly,6_other,6_other,7,0.012417952811779315
4_yakonly,6_other,7_not_expressed,176,0.3122228135533085
4_zseronly,1_all_5_species,1_all_5,149,0.2643249955650169
4_zseronly,1_all_5_species,2_the4,32,0.05676778428241973
4_zseronly,1_all_5_species,3_mel_sim,15,0.026609898882384245
4_zseronly,1_all_5_species,3_yak_san,3,0.005321979776476849
4_zseronly,1_all_5_species,4_mel_only,31,0.05499379102359411
4_zseronly,1_all_5_species,4_san_only,6,0.010643959552953698
4_zseronly,1_all_5_species,4_sim_only,18,0.031931878658861094
4_zseronly,1_all_5_species,4_yak_only,5,0.008869966294128083
4_zseronly,1_all_5_species,4_zser_only,1115,1.9780024835905623
4_zseronly,1_all_5_species,6_other,317,0.5623558630477205
4_zseronly,1_all_5_species,7_not_expressed,1620,2.8738690792974984
4_zseronly,4_zseronly,4_zser_only,1993,3.535568564839454
4_zseronly,4_zseronly,7_not_expressed,2089,3.705871917686713
4_zseronly,6_other,4_mel_only,1,0.0017739932588256165
4_zseronly,6_other,4_san_only,2,0.003547986517651233
4_zseronly,6_other,4_zser_only,161,0.28561291467092426
4_zseronly,6_other,6_other,36,0.06386375731772219
4_zseronly,6_other,7_not_expressed,229,0.4062444562710662
6_other,1_all_5_species,1_all_5,987,1.7509313464608836
6_other,1_all_5_species,2_the4,341,0.6049317012595352
6_other,1_all_5_species,3_mel_sim,132,0.23416711016498137
6_other,1_all_5_species,3_yak_san,15,0.026609898882384245
6_other,1_all_5_species,4_mel_only,116,0.20578321802377153
6_other,1_all_5_species,4_san_only,129,0.22884513038850451
6_other,1_all_5_species,4_sim_only,159,0.282064928153273
6_other,1_all_5_species,4_yak_only,34,0.06031577080007096
6_other,1_all_5_species,4_zser_only,203,0.3601206315416001
6_other,1_all_5_species,6_other,1131,2.0063863757317724
6_other,1_all_5_species,7_not_expressed,2051,3.6384601738513394
6_other,2_the4,2_the4,97,0.1720773461060848
6_other,2_the4,3_mel_sim,18,0.031931878658861094
6_other,2_the4,3_yak_san,16,0.028383892141209864
6_other,2_the4,4_mel_only,21,0.03725385843533795
6_other,2_the4,4_san_only,99,0.17562533262373603
6_other,2_the4,4_sim_only,16,0.028383892141209864
6_other,2_the4,4_yak_only,4,0.007095973035302466
6_other,2_the4,6_other,107,0.18981727869434095
6_other,2_the4,7_not_expressed,364,0.6457335462125244
6_other,3_mel_sim,3_mel_sim,9,0.015965939329430547
6_other,3_mel_sim,4_mel_only,1,0.0017739932588256165
6_other,3_mel_sim,4_sim_only,2,0.003547986517651233
6_other,3_mel_sim,7_not_expressed,50,0.08869966294128083
6_other,3_yak_san,3_yak_san,10,0.017739932588256166
6_other,3_yak_san,4_san_only,5,0.008869966294128083
6_other,3_yak_san,4_yak_only,1,0.0017739932588256165
6_other,3_yak_san,7_not_expressed,99,0.17562533262373603
6_other,4_melonly,4_mel_only,10,0.017739932588256166
6_other,4_melonly,7_not_expressed,118,0.20933120454142273
6_other,4_sanonly,4_san_only,7,0.012417952811779315
6_other,4_sanonly,7_not_expressed,87,0.15433741351782862
6_other,4_simonly,4_sim_only,9,0.015965939329430547
6_other,4_simonly,7_not_expressed,98,0.1738513393649104
6_other,4_yakonly,4_yak_only,2,0.003547986517651233
6_other,4_yakonly,7_not_expressed,78,0.13837147418839807
6_other,4_zseronly,4_zser_only,108,0.19159127195316658
6_other,4_zseronly,7_not_expressed,1244,2.206847613979067
6_other,6_other,3_yak_san,2,0.003547986517651233
6_other,6_other,4_san_only,2,0.003547986517651233
6_other,6_other,4_sim_only,6,0.010643959552953698
6_other,6_other,4_yak_only,1,0.0017739932588256165
6_other,6_other,4_zser_only,8,0.014191946070604932
6_other,6_other,6_other,59,0.10466560227071137
6_other,6_other,7_not_expressed,105,0.18626929217668972
