dir_fq,fq,newFQname,FC,runDate,techrep,bcnum,sample,barcode,new_bcnum
minion_11aug2023_TR1/SQK-PCB109_barcode01.fastq,SQK-PCB109_barcode01.fastq,minion_11aug2023_TR1_SQK-PCB109_barcode01.fastq,minion,11aug2023,TR1,BC01,mel_F_rep1,BC01,01
minion_11aug2023_TR1/SQK-PCB109_barcode02.fastq,SQK-PCB109_barcode02.fastq,minion_11aug2023_TR1_SQK-PCB109_barcode02.fastq,minion,11aug2023,TR1,BC02,mel_M_rep1,BC02,02
minion_11aug2023_TR1/SQK-PCB109_barcode03.fastq,SQK-PCB109_barcode03.fastq,minion_11aug2023_TR1_SQK-PCB109_barcode03.fastq,minion,11aug2023,TR1,BC03,mel_F_rep2,BC03,03
minion_11aug2023_TR1/SQK-PCB109_barcode04.fastq,SQK-PCB109_barcode04.fastq,minion_11aug2023_TR1_SQK-PCB109_barcode04.fastq,minion,11aug2023,TR1,BC04,mel_M_rep2,BC04,04
minion_11aug2023_TR1/SQK-PCB109_barcode05.fastq,SQK-PCB109_barcode05.fastq,minion_11aug2023_TR1_SQK-PCB109_barcode05.fastq,minion,11aug2023,TR1,BC05,mel_F_rep3,BC05,05
minion_11aug2023_TR1/SQK-PCB109_barcode06.fastq,SQK-PCB109_barcode06.fastq,minion_11aug2023_TR1_SQK-PCB109_barcode06.fastq,minion,11aug2023,TR1,BC06,mel_M_rep3,BC06,06
minion_11aug2023_TR1/SQK-PCB109_barcode07.fastq,SQK-PCB109_barcode07.fastq,minion_11aug2023_TR1_SQK-PCB109_barcode07.fastq,minion,11aug2023,TR1,BC07,sim_F_rep1,BC07,07
minion_11aug2023_TR1/SQK-PCB109_barcode08.fastq,SQK-PCB109_barcode08.fastq,minion_11aug2023_TR1_SQK-PCB109_barcode08.fastq,minion,11aug2023,TR1,BC08,sim_M_rep1,BC08,08
minion_11aug2023_TR1/SQK-PCB109_barcode09.fastq,SQK-PCB109_barcode09.fastq,minion_11aug2023_TR1_SQK-PCB109_barcode09.fastq,minion,11aug2023,TR1,BC09,sim_F_rep2,BC09,09
minion_11aug2023_TR1/SQK-PCB109_barcode10.fastq,SQK-PCB109_barcode10.fastq,minion_11aug2023_TR1_SQK-PCB109_barcode10.fastq,minion,11aug2023,TR1,BC10,sim_M_rep2,BC10,10
minion_11aug2023_TR1/SQK-PCB109_barcode11.fastq,SQK-PCB109_barcode11.fastq,minion_11aug2023_TR1_SQK-PCB109_barcode11.fastq,minion,11aug2023,TR1,BC11,sim_F_rep3,BC11,11
minion_11aug2023_TR1/SQK-PCB109_barcode12.fastq,SQK-PCB109_barcode12.fastq,minion_11aug2023_TR1_SQK-PCB109_barcode12.fastq,minion,11aug2023,TR1,BC12,sim_M_rep3,BC12,12
promethion_11nov2023_TR4/SQK-PCB109_barcode01.fastq,SQK-PCB109_barcode01.fastq,promethion_11nov2023_TR4_SQK-PCB109_barcode01.fastq,promethion,11nov2023,TR4,BC01,mel_F_rep1,BC01,01
promethion_11nov2023_TR4/SQK-PCB109_barcode02.fastq,SQK-PCB109_barcode02.fastq,promethion_11nov2023_TR4_SQK-PCB109_barcode02.fastq,promethion,11nov2023,TR4,BC02,mel_M_rep1,BC02,02
promethion_11nov2023_TR4/SQK-PCB109_barcode03.fastq,SQK-PCB109_barcode03.fastq,promethion_11nov2023_TR4_SQK-PCB109_barcode03.fastq,promethion,11nov2023,TR4,BC03,mel_F_rep2,BC03,03
promethion_11nov2023_TR4/SQK-PCB109_barcode04.fastq,SQK-PCB109_barcode04.fastq,promethion_11nov2023_TR4_SQK-PCB109_barcode04.fastq,promethion,11nov2023,TR4,BC04,mel_M_rep2,BC04,04
promethion_11nov2023_TR4/SQK-PCB109_barcode05.fastq,SQK-PCB109_barcode05.fastq,promethion_11nov2023_TR4_SQK-PCB109_barcode05.fastq,promethion,11nov2023,TR4,BC05,mel_F_rep3,BC05,05
promethion_11nov2023_TR4/SQK-PCB109_barcode06.fastq,SQK-PCB109_barcode06.fastq,promethion_11nov2023_TR4_SQK-PCB109_barcode06.fastq,promethion,11nov2023,TR4,BC06,mel_M_rep3,BC06,06
promethion_11nov2023_TR4/SQK-PCB109_barcode07.fastq,SQK-PCB109_barcode07.fastq,promethion_11nov2023_TR4_SQK-PCB109_barcode07.fastq,promethion,11nov2023,TR4,BC07,sim_F_rep1,BC07,07
promethion_11nov2023_TR4/SQK-PCB109_barcode08.fastq,SQK-PCB109_barcode08.fastq,promethion_11nov2023_TR4_SQK-PCB109_barcode08.fastq,promethion,11nov2023,TR4,BC08,sim_M_rep1,BC08,08
promethion_11nov2023_TR4/SQK-PCB109_barcode09.fastq,SQK-PCB109_barcode09.fastq,promethion_11nov2023_TR4_SQK-PCB109_barcode09.fastq,promethion,11nov2023,TR4,BC09,sim_F_rep2,BC09,09
promethion_11nov2023_TR4/SQK-PCB109_barcode10.fastq,SQK-PCB109_barcode10.fastq,promethion_11nov2023_TR4_SQK-PCB109_barcode10.fastq,promethion,11nov2023,TR4,BC10,sim_M_rep2,BC10,10
promethion_11nov2023_TR4/SQK-PCB109_barcode11.fastq,SQK-PCB109_barcode11.fastq,promethion_11nov2023_TR4_SQK-PCB109_barcode11.fastq,promethion,11nov2023,TR4,BC11,sim_F_rep3,BC11,11
promethion_11nov2023_TR4/SQK-PCB109_barcode12.fastq,SQK-PCB109_barcode12.fastq,promethion_11nov2023_TR4_SQK-PCB109_barcode12.fastq,promethion,11nov2023,TR4,BC12,sim_M_rep3,BC12,12
minion_13nov2023_TR1/SQK-PCB109_barcode01.fastq,SQK-PCB109_barcode01.fastq,minion_13nov2023_TR1_SQK-PCB109_barcode01.fastq,minion,13nov2023,TR1,BC01,mel_F_rep4,BC01,01
minion_13nov2023_TR1/SQK-PCB109_barcode02.fastq,SQK-PCB109_barcode02.fastq,minion_13nov2023_TR1_SQK-PCB109_barcode02.fastq,minion,13nov2023,TR1,BC02,mel_M_rep4,BC02,02
minion_13nov2023_TR1/SQK-PCB109_barcode03.fastq,SQK-PCB109_barcode03.fastq,minion_13nov2023_TR1_SQK-PCB109_barcode03.fastq,minion,13nov2023,TR1,BC03,mel_F_rep5,BC03,03
minion_13nov2023_TR1/SQK-PCB109_barcode04.fastq,SQK-PCB109_barcode04.fastq,minion_13nov2023_TR1_SQK-PCB109_barcode04.fastq,minion,13nov2023,TR1,BC04,mel_M_rep5,BC04,04
minion_13nov2023_TR1/SQK-PCB109_barcode05.fastq,SQK-PCB109_barcode05.fastq,minion_13nov2023_TR1_SQK-PCB109_barcode05.fastq,minion,13nov2023,TR1,BC05,mel_F_rep6,BC05,05
minion_13nov2023_TR1/SQK-PCB109_barcode06.fastq,SQK-PCB109_barcode06.fastq,minion_13nov2023_TR1_SQK-PCB109_barcode06.fastq,minion,13nov2023,TR1,BC06,mel_M_rep6,BC06,06
minion_13nov2023_TR1/SQK-PCB109_barcode07.fastq,SQK-PCB109_barcode07.fastq,minion_13nov2023_TR1_SQK-PCB109_barcode07.fastq,minion,13nov2023,TR1,BC07,sim_F_rep4,BC07,07
minion_13nov2023_TR1/SQK-PCB109_barcode08.fastq,SQK-PCB109_barcode08.fastq,minion_13nov2023_TR1_SQK-PCB109_barcode08.fastq,minion,13nov2023,TR1,BC08,sim_M_rep4,BC08,08
minion_13nov2023_TR1/SQK-PCB109_barcode09.fastq,SQK-PCB109_barcode09.fastq,minion_13nov2023_TR1_SQK-PCB109_barcode09.fastq,minion,13nov2023,TR1,BC09,sim_F_rep5,BC09,09
minion_13nov2023_TR1/SQK-PCB109_barcode10.fastq,SQK-PCB109_barcode10.fastq,minion_13nov2023_TR1_SQK-PCB109_barcode10.fastq,minion,13nov2023,TR1,BC10,sim_M_rep5,BC10,10
minion_13nov2023_TR1/SQK-PCB109_barcode11.fastq,SQK-PCB109_barcode11.fastq,minion_13nov2023_TR1_SQK-PCB109_barcode11.fastq,minion,13nov2023,TR1,BC11,sim_F_rep6,BC11,11
minion_13nov2023_TR1/SQK-PCB109_barcode12.fastq,SQK-PCB109_barcode12.fastq,minion_13nov2023_TR1_SQK-PCB109_barcode12.fastq,minion,13nov2023,TR1,BC12,sim_M_rep6,BC12,12
promethion_20nov2023_TR2/SQK-PCB109_barcode01.fastq,SQK-PCB109_barcode01.fastq,promethion_20nov2023_TR2_SQK-PCB109_barcode01.fastq,promethion,20nov2023,TR2,BC01,mel_F_rep4,BC01,01
promethion_20nov2023_TR2/SQK-PCB109_barcode02.fastq,SQK-PCB109_barcode02.fastq,promethion_20nov2023_TR2_SQK-PCB109_barcode02.fastq,promethion,20nov2023,TR2,BC02,mel_M_rep4,BC02,02
promethion_20nov2023_TR2/SQK-PCB109_barcode03.fastq,SQK-PCB109_barcode03.fastq,promethion_20nov2023_TR2_SQK-PCB109_barcode03.fastq,promethion,20nov2023,TR2,BC03,mel_F_rep5,BC03,03
promethion_20nov2023_TR2/SQK-PCB109_barcode04.fastq,SQK-PCB109_barcode04.fastq,promethion_20nov2023_TR2_SQK-PCB109_barcode04.fastq,promethion,20nov2023,TR2,BC04,mel_M_rep5,BC04,04
promethion_20nov2023_TR2/SQK-PCB109_barcode05.fastq,SQK-PCB109_barcode05.fastq,promethion_20nov2023_TR2_SQK-PCB109_barcode05.fastq,promethion,20nov2023,TR2,BC05,mel_F_rep6,BC05,05
promethion_20nov2023_TR2/SQK-PCB109_barcode06.fastq,SQK-PCB109_barcode06.fastq,promethion_20nov2023_TR2_SQK-PCB109_barcode06.fastq,promethion,20nov2023,TR2,BC06,mel_M_rep6,BC06,06
promethion_20nov2023_TR2/SQK-PCB109_barcode07.fastq,SQK-PCB109_barcode07.fastq,promethion_20nov2023_TR2_SQK-PCB109_barcode07.fastq,promethion,20nov2023,TR2,BC07,sim_F_rep4,BC07,07
promethion_20nov2023_TR2/SQK-PCB109_barcode08.fastq,SQK-PCB109_barcode08.fastq,promethion_20nov2023_TR2_SQK-PCB109_barcode08.fastq,promethion,20nov2023,TR2,BC08,sim_M_rep4,BC08,08
promethion_20nov2023_TR2/SQK-PCB109_barcode09.fastq,SQK-PCB109_barcode09.fastq,promethion_20nov2023_TR2_SQK-PCB109_barcode09.fastq,promethion,20nov2023,TR2,BC09,sim_F_rep5,BC09,09
promethion_20nov2023_TR2/SQK-PCB109_barcode10.fastq,SQK-PCB109_barcode10.fastq,promethion_20nov2023_TR2_SQK-PCB109_barcode10.fastq,promethion,20nov2023,TR2,BC10,sim_M_rep5,BC10,10
promethion_20nov2023_TR2/SQK-PCB109_barcode11.fastq,SQK-PCB109_barcode11.fastq,promethion_20nov2023_TR2_SQK-PCB109_barcode11.fastq,promethion,20nov2023,TR2,BC11,sim_F_rep6,BC11,11
promethion_20nov2023_TR2/SQK-PCB109_barcode12.fastq,SQK-PCB109_barcode12.fastq,promethion_20nov2023_TR2_SQK-PCB109_barcode12.fastq,promethion,20nov2023,TR2,BC12,sim_M_rep6,BC12,12
promethion_20nov2023_TR3/SQK-PCB109_barcode01.fastq,SQK-PCB109_barcode01.fastq,promethion_20nov2023_TR3_SQK-PCB109_barcode01.fastq,promethion,20nov2023,TR3,BC01,mel_F_rep4,BC01,01
promethion_20nov2023_TR3/SQK-PCB109_barcode02.fastq,SQK-PCB109_barcode02.fastq,promethion_20nov2023_TR3_SQK-PCB109_barcode02.fastq,promethion,20nov2023,TR3,BC02,mel_M_rep4,BC02,02
promethion_20nov2023_TR3/SQK-PCB109_barcode03.fastq,SQK-PCB109_barcode03.fastq,promethion_20nov2023_TR3_SQK-PCB109_barcode03.fastq,promethion,20nov2023,TR3,BC03,mel_F_rep5,BC03,03
promethion_20nov2023_TR3/SQK-PCB109_barcode04.fastq,SQK-PCB109_barcode04.fastq,promethion_20nov2023_TR3_SQK-PCB109_barcode04.fastq,promethion,20nov2023,TR3,BC04,mel_M_rep5,BC04,04
promethion_20nov2023_TR3/SQK-PCB109_barcode05.fastq,SQK-PCB109_barcode05.fastq,promethion_20nov2023_TR3_SQK-PCB109_barcode05.fastq,promethion,20nov2023,TR3,BC05,mel_F_rep6,BC05,05
promethion_20nov2023_TR3/SQK-PCB109_barcode06.fastq,SQK-PCB109_barcode06.fastq,promethion_20nov2023_TR3_SQK-PCB109_barcode06.fastq,promethion,20nov2023,TR3,BC06,mel_M_rep6,BC06,06
promethion_20nov2023_TR3/SQK-PCB109_barcode07.fastq,SQK-PCB109_barcode07.fastq,promethion_20nov2023_TR3_SQK-PCB109_barcode07.fastq,promethion,20nov2023,TR3,BC07,sim_F_rep4,BC07,07
promethion_20nov2023_TR3/SQK-PCB109_barcode08.fastq,SQK-PCB109_barcode08.fastq,promethion_20nov2023_TR3_SQK-PCB109_barcode08.fastq,promethion,20nov2023,TR3,BC08,sim_M_rep4,BC08,08
promethion_20nov2023_TR3/SQK-PCB109_barcode09.fastq,SQK-PCB109_barcode09.fastq,promethion_20nov2023_TR3_SQK-PCB109_barcode09.fastq,promethion,20nov2023,TR3,BC09,sim_F_rep5,BC09,09
promethion_20nov2023_TR3/SQK-PCB109_barcode10.fastq,SQK-PCB109_barcode10.fastq,promethion_20nov2023_TR3_SQK-PCB109_barcode10.fastq,promethion,20nov2023,TR3,BC10,sim_M_rep5,BC10,10
promethion_20nov2023_TR3/SQK-PCB109_barcode11.fastq,SQK-PCB109_barcode11.fastq,promethion_20nov2023_TR3_SQK-PCB109_barcode11.fastq,promethion,20nov2023,TR3,BC11,sim_F_rep6,BC11,11
promethion_20nov2023_TR3/SQK-PCB109_barcode12.fastq,SQK-PCB109_barcode12.fastq,promethion_20nov2023_TR3_SQK-PCB109_barcode12.fastq,promethion,20nov2023,TR3,BC12,sim_M_rep6,BC12,12
promethion_20nov2023_TR4/SQK-PCB109_barcode01.fastq,SQK-PCB109_barcode01.fastq,promethion_20nov2023_TR4_SQK-PCB109_barcode01.fastq,promethion,20nov2023,TR4,BC01,mel_F_rep4,BC01,01
promethion_20nov2023_TR4/SQK-PCB109_barcode02.fastq,SQK-PCB109_barcode02.fastq,promethion_20nov2023_TR4_SQK-PCB109_barcode02.fastq,promethion,20nov2023,TR4,BC02,mel_M_rep4,BC02,02
promethion_20nov2023_TR4/SQK-PCB109_barcode03.fastq,SQK-PCB109_barcode03.fastq,promethion_20nov2023_TR4_SQK-PCB109_barcode03.fastq,promethion,20nov2023,TR4,BC03,mel_F_rep5,BC03,03
promethion_20nov2023_TR4/SQK-PCB109_barcode04.fastq,SQK-PCB109_barcode04.fastq,promethion_20nov2023_TR4_SQK-PCB109_barcode04.fastq,promethion,20nov2023,TR4,BC04,mel_M_rep5,BC04,04
promethion_20nov2023_TR4/SQK-PCB109_barcode05.fastq,SQK-PCB109_barcode05.fastq,promethion_20nov2023_TR4_SQK-PCB109_barcode05.fastq,promethion,20nov2023,TR4,BC05,mel_F_rep6,BC05,05
promethion_20nov2023_TR4/SQK-PCB109_barcode06.fastq,SQK-PCB109_barcode06.fastq,promethion_20nov2023_TR4_SQK-PCB109_barcode06.fastq,promethion,20nov2023,TR4,BC06,mel_M_rep6,BC06,06
promethion_20nov2023_TR4/SQK-PCB109_barcode07.fastq,SQK-PCB109_barcode07.fastq,promethion_20nov2023_TR4_SQK-PCB109_barcode07.fastq,promethion,20nov2023,TR4,BC07,sim_F_rep4,BC07,07
promethion_20nov2023_TR4/SQK-PCB109_barcode08.fastq,SQK-PCB109_barcode08.fastq,promethion_20nov2023_TR4_SQK-PCB109_barcode08.fastq,promethion,20nov2023,TR4,BC08,sim_M_rep4,BC08,08
promethion_20nov2023_TR4/SQK-PCB109_barcode09.fastq,SQK-PCB109_barcode09.fastq,promethion_20nov2023_TR4_SQK-PCB109_barcode09.fastq,promethion,20nov2023,TR4,BC09,sim_F_rep5,BC09,09
promethion_20nov2023_TR4/SQK-PCB109_barcode10.fastq,SQK-PCB109_barcode10.fastq,promethion_20nov2023_TR4_SQK-PCB109_barcode10.fastq,promethion,20nov2023,TR4,BC10,sim_M_rep5,BC10,10
promethion_20nov2023_TR4/SQK-PCB109_barcode11.fastq,SQK-PCB109_barcode11.fastq,promethion_20nov2023_TR4_SQK-PCB109_barcode11.fastq,promethion,20nov2023,TR4,BC11,sim_F_rep6,BC11,11
promethion_20nov2023_TR4/SQK-PCB109_barcode12.fastq,SQK-PCB109_barcode12.fastq,promethion_20nov2023_TR4_SQK-PCB109_barcode12.fastq,promethion,20nov2023,TR4,BC12,sim_M_rep6,BC12,12
promethion_20nov2023_TR5/SQK-PCB109_barcode01.fastq,SQK-PCB109_barcode01.fastq,promethion_20nov2023_TR5_SQK-PCB109_barcode01.fastq,promethion,20nov2023,TR5,BC01,mel_F_rep4,BC01,01
promethion_20nov2023_TR5/SQK-PCB109_barcode02.fastq,SQK-PCB109_barcode02.fastq,promethion_20nov2023_TR5_SQK-PCB109_barcode02.fastq,promethion,20nov2023,TR5,BC02,mel_M_rep4,BC02,02
promethion_20nov2023_TR5/SQK-PCB109_barcode03.fastq,SQK-PCB109_barcode03.fastq,promethion_20nov2023_TR5_SQK-PCB109_barcode03.fastq,promethion,20nov2023,TR5,BC03,mel_F_rep5,BC03,03
promethion_20nov2023_TR5/SQK-PCB109_barcode04.fastq,SQK-PCB109_barcode04.fastq,promethion_20nov2023_TR5_SQK-PCB109_barcode04.fastq,promethion,20nov2023,TR5,BC04,mel_M_rep5,BC04,04
promethion_20nov2023_TR5/SQK-PCB109_barcode05.fastq,SQK-PCB109_barcode05.fastq,promethion_20nov2023_TR5_SQK-PCB109_barcode05.fastq,promethion,20nov2023,TR5,BC05,mel_F_rep6,BC05,05
promethion_20nov2023_TR5/SQK-PCB109_barcode06.fastq,SQK-PCB109_barcode06.fastq,promethion_20nov2023_TR5_SQK-PCB109_barcode06.fastq,promethion,20nov2023,TR5,BC06,mel_M_rep6,BC06,06
promethion_20nov2023_TR5/SQK-PCB109_barcode07.fastq,SQK-PCB109_barcode07.fastq,promethion_20nov2023_TR5_SQK-PCB109_barcode07.fastq,promethion,20nov2023,TR5,BC07,sim_F_rep4,BC07,07
promethion_20nov2023_TR5/SQK-PCB109_barcode08.fastq,SQK-PCB109_barcode08.fastq,promethion_20nov2023_TR5_SQK-PCB109_barcode08.fastq,promethion,20nov2023,TR5,BC08,sim_M_rep4,BC08,08
promethion_20nov2023_TR5/SQK-PCB109_barcode09.fastq,SQK-PCB109_barcode09.fastq,promethion_20nov2023_TR5_SQK-PCB109_barcode09.fastq,promethion,20nov2023,TR5,BC09,sim_F_rep5,BC09,09
promethion_20nov2023_TR5/SQK-PCB109_barcode10.fastq,SQK-PCB109_barcode10.fastq,promethion_20nov2023_TR5_SQK-PCB109_barcode10.fastq,promethion,20nov2023,TR5,BC10,sim_M_rep5,BC10,10
promethion_20nov2023_TR5/SQK-PCB109_barcode11.fastq,SQK-PCB109_barcode11.fastq,promethion_20nov2023_TR5_SQK-PCB109_barcode11.fastq,promethion,20nov2023,TR5,BC11,sim_F_rep6,BC11,11
promethion_20nov2023_TR5/SQK-PCB109_barcode12.fastq,SQK-PCB109_barcode12.fastq,promethion_20nov2023_TR5_SQK-PCB109_barcode12.fastq,promethion,20nov2023,TR5,BC12,sim_M_rep6,BC12,12
promethion_9oct2023_TR2/SQK-PCB109_barcode01.fastq,SQK-PCB109_barcode01.fastq,promethion_9oct2023_TR2_SQK-PCB109_barcode01.fastq,promethion,9oct2023,TR2,BC01,mel_F_rep1,BC01,01
promethion_9oct2023_TR2/SQK-PCB109_barcode02.fastq,SQK-PCB109_barcode02.fastq,promethion_9oct2023_TR2_SQK-PCB109_barcode02.fastq,promethion,9oct2023,TR2,BC02,mel_M_rep1,BC02,02
promethion_9oct2023_TR2/SQK-PCB109_barcode03.fastq,SQK-PCB109_barcode03.fastq,promethion_9oct2023_TR2_SQK-PCB109_barcode03.fastq,promethion,9oct2023,TR2,BC03,mel_F_rep2,BC03,03
promethion_9oct2023_TR2/SQK-PCB109_barcode04.fastq,SQK-PCB109_barcode04.fastq,promethion_9oct2023_TR2_SQK-PCB109_barcode04.fastq,promethion,9oct2023,TR2,BC04,mel_M_rep2,BC04,04
promethion_9oct2023_TR2/SQK-PCB109_barcode05.fastq,SQK-PCB109_barcode05.fastq,promethion_9oct2023_TR2_SQK-PCB109_barcode05.fastq,promethion,9oct2023,TR2,BC05,mel_F_rep3,BC05,05
promethion_9oct2023_TR2/SQK-PCB109_barcode06.fastq,SQK-PCB109_barcode06.fastq,promethion_9oct2023_TR2_SQK-PCB109_barcode06.fastq,promethion,9oct2023,TR2,BC06,mel_M_rep3,BC06,06
promethion_9oct2023_TR2/SQK-PCB109_barcode07.fastq,SQK-PCB109_barcode07.fastq,promethion_9oct2023_TR2_SQK-PCB109_barcode07.fastq,promethion,9oct2023,TR2,BC07,sim_F_rep1,BC07,07
promethion_9oct2023_TR2/SQK-PCB109_barcode08.fastq,SQK-PCB109_barcode08.fastq,promethion_9oct2023_TR2_SQK-PCB109_barcode08.fastq,promethion,9oct2023,TR2,BC08,sim_M_rep1,BC08,08
promethion_9oct2023_TR2/SQK-PCB109_barcode09.fastq,SQK-PCB109_barcode09.fastq,promethion_9oct2023_TR2_SQK-PCB109_barcode09.fastq,promethion,9oct2023,TR2,BC09,sim_F_rep2,BC09,09
promethion_9oct2023_TR2/SQK-PCB109_barcode10.fastq,SQK-PCB109_barcode10.fastq,promethion_9oct2023_TR2_SQK-PCB109_barcode10.fastq,promethion,9oct2023,TR2,BC10,sim_M_rep2,BC10,10
promethion_9oct2023_TR2/SQK-PCB109_barcode11.fastq,SQK-PCB109_barcode11.fastq,promethion_9oct2023_TR2_SQK-PCB109_barcode11.fastq,promethion,9oct2023,TR2,BC11,sim_F_rep3,BC11,11
promethion_9oct2023_TR2/SQK-PCB109_barcode12.fastq,SQK-PCB109_barcode12.fastq,promethion_9oct2023_TR2_SQK-PCB109_barcode12.fastq,promethion,9oct2023,TR2,BC12,sim_M_rep3,BC12,12
promethion_9oct2023_TR3/SQK-PCB109_barcode01.fastq,SQK-PCB109_barcode01.fastq,promethion_9oct2023_TR3_SQK-PCB109_barcode01.fastq,promethion,9oct2023,TR3,BC01,mel_F_rep1,BC01,01
promethion_9oct2023_TR3/SQK-PCB109_barcode02.fastq,SQK-PCB109_barcode02.fastq,promethion_9oct2023_TR3_SQK-PCB109_barcode02.fastq,promethion,9oct2023,TR3,BC02,mel_M_rep1,BC02,02
promethion_9oct2023_TR3/SQK-PCB109_barcode03.fastq,SQK-PCB109_barcode03.fastq,promethion_9oct2023_TR3_SQK-PCB109_barcode03.fastq,promethion,9oct2023,TR3,BC03,mel_F_rep2,BC03,03
promethion_9oct2023_TR3/SQK-PCB109_barcode04.fastq,SQK-PCB109_barcode04.fastq,promethion_9oct2023_TR3_SQK-PCB109_barcode04.fastq,promethion,9oct2023,TR3,BC04,mel_M_rep2,BC04,04
promethion_9oct2023_TR3/SQK-PCB109_barcode05.fastq,SQK-PCB109_barcode05.fastq,promethion_9oct2023_TR3_SQK-PCB109_barcode05.fastq,promethion,9oct2023,TR3,BC05,mel_F_rep3,BC05,05
promethion_9oct2023_TR3/SQK-PCB109_barcode06.fastq,SQK-PCB109_barcode06.fastq,promethion_9oct2023_TR3_SQK-PCB109_barcode06.fastq,promethion,9oct2023,TR3,BC06,mel_M_rep3,BC06,06
promethion_9oct2023_TR3/SQK-PCB109_barcode07.fastq,SQK-PCB109_barcode07.fastq,promethion_9oct2023_TR3_SQK-PCB109_barcode07.fastq,promethion,9oct2023,TR3,BC07,sim_F_rep1,BC07,07
promethion_9oct2023_TR3/SQK-PCB109_barcode08.fastq,SQK-PCB109_barcode08.fastq,promethion_9oct2023_TR3_SQK-PCB109_barcode08.fastq,promethion,9oct2023,TR3,BC08,sim_M_rep1,BC08,08
promethion_9oct2023_TR3/SQK-PCB109_barcode09.fastq,SQK-PCB109_barcode09.fastq,promethion_9oct2023_TR3_SQK-PCB109_barcode09.fastq,promethion,9oct2023,TR3,BC09,sim_F_rep2,BC09,09
promethion_9oct2023_TR3/SQK-PCB109_barcode10.fastq,SQK-PCB109_barcode10.fastq,promethion_9oct2023_TR3_SQK-PCB109_barcode10.fastq,promethion,9oct2023,TR3,BC10,sim_M_rep2,BC10,10
promethion_9oct2023_TR3/SQK-PCB109_barcode11.fastq,SQK-PCB109_barcode11.fastq,promethion_9oct2023_TR3_SQK-PCB109_barcode11.fastq,promethion,9oct2023,TR3,BC11,sim_F_rep3,BC11,11
promethion_9oct2023_TR3/SQK-PCB109_barcode12.fastq,SQK-PCB109_barcode12.fastq,promethion_9oct2023_TR3_SQK-PCB109_barcode12.fastq,promethion,9oct2023,TR3,BC12,sim_M_rep3,BC12,12
